"185457230567575552","Thu Mar 29 20:03:44 +0000 2012","I've uploaded an @YouTube video http://t.co/8n9AyGVp Broadbalk Wheat Experiment  At Rothamsted","175489193","","","","False","0","0","2","0"
"861984664805941248","Tue May 09 16:42:13 +0000 2017","@RothamstedCRE @achimdobermann @Rothamsted I'll be looking at #broadbalk data from an unusual starting point tomorr‚Ä¶ https://t.co/D566fMdLk5","799206372701306880","","","","False","1","0","0","1"
"1021377130964414465","Mon Jul 23 12:50:58 +0000 2018","What a difference a month makes.... super aerial shots of #Broadbalk Wheat Experiment @Rothamsted taken 20th June a‚Ä¶ https://t.co/ojHjljq9ib","888499448","","","","False","2","0","19","32"
"925042908386025472","Mon Oct 30 16:53:10 +0000 2017","Our slides on metadata challenges for #Broadbalk long-term experiment presented at #scidata17 https://t.co/j52p4wDOiM","799206372701306880","","","","False","1","0","2","3"
"555464810872438784","Wed Jan 14 20:41:45 +0000 2015","Broadbalk soils dating back to 1887 great tour of Rothamsted today. http://t.co/uyJIwbhog6","303841013","","","","False","0","1","5","4"
"524500761833902080","Tue Oct 21 10:01:41 +0000 2014","Now in e-RA - the 2013 yield data for Broadbalk, Park Grass and Hoosfield long-term experiments at #Rothamsted http://t.co/ar6NZr7Ss1","888499448","","","","False","0","0","0","0"
"1179823453509050369","Thu Oct 03 18:20:06 +0000 2019","Dr. Andy Macdonald is preparing to plant the 177th consecutive wheat crop at the Broadbalk plots at Rothamsted. Bas‚Ä¶ https://t.co/238f6AKIjk","299856812","","","","False","0","0","1","11"
"839422048892043265","Wed Mar 08 10:26:26 +0000 2017","@HansLak @PartijvdDieren Op dit soort berichten ga ik niet meer op in.Laten we het over de werkelijkheid hebben.Bestudeer Broadbalk project.","817405362223648768","","","","False","0","0","0","0"
"524292058283249665","Mon Oct 20 20:12:22 +0000 2014","@SarahGPerry @typejunky @GressenhallFW Have you heard of the Broadbalk experiment? That takes winter wheat back to the 1840s in the UK.","172757782","","","","False","0","1","0","0"
"1085146599322472448","Tue Jan 15 12:08:04 +0000 2019","#broadbalk FYM and nil plots (no ferts since 1843) this morning. 1st is no herbicide section (FYM on left) in foreg‚Ä¶ https://t.co/hLqZsv1LcV","799206372701306880","","","","False","1","0","3","6"
"616743121766981632","Thu Jul 02 22:59:53 +0000 2015","Phosphorus leaching from soils containing different phosphorus concentrations in the Broadbalk Experiment https://t.co/F12eTh8rbT #TBT","3061632420","","","","False","0","0","0","0"
"357071162574004224","Tue Jul 16 09:36:13 +0000 2013","Plots without herbicide at broadbalk @Rothamsted, spot the crop! http://t.co/1YhuGRiXzV","422042612","","","","False","0","1","1","2"
"1037344551105687554","Wed Sep 05 14:19:48 +0000 2018","@TerryDaynard @prometheusgreen The Broadbalk experiment of @Rothamsted research has data from more than 160 years c‚Ä¶ https://t.co/QaOnqXcd3q","708346432395157504","","","","False","0","2","0","1"
"923147859679203335","Wed Oct 25 11:22:55 +0000 2017","@Drosophilic @alhufton @Rothamsted We're working on it but there's a lot to do. #Broadbalk just one of many long term experiments!","799206372701306880","","","","False","0","0","0","0"
"1095661431461216257","Wed Feb 13 12:30:16 +0000 2019","@eRA_Curator @Rothamsted I have been there once and saw the Broadbalk with my own eyes - so impressive!","842330452056764416","","","","False","0","0","0","3"
"469875033482199040","Fri May 23 16:18:32 +0000 2014","Broadbalk zero herbicide plot....(since 1843) http://t.co/YBK8m1gKXg","144538369","","","","False","0","0","2","0"
"1011619739402194946","Tue Jun 26 14:38:35 +0000 2018","It's 50 years since the introduction of modern short-strawed, high-yielding wheat cultivars on #Broadbalk‚Ä¶ https://t.co/226wQnglpk","888499448","","","","False","0","2","11","11"
"1109920712603648000","Sun Mar 24 20:51:33 +0000 2019","@SajeevEM @Rothamsted The organic wheat in the long term #Broadbalk study does not do well versus conventional so d‚Ä¶ https://t.co/mO2eDjFZTW","938417788472963072","","","","False","0","1","0","0"
"843434102787399683","Sun Mar 19 12:08:55 +0000 2017","@bisbb Ja en? Wat bewijst dat voor de vijf grote agrarische teelten waar wij van leven? Niets! Probeer eens tarwe op arme grond? Broadbalk!","817405362223648768","","","","False","0","0","0","0"
"1107176763183038464","Sun Mar 17 07:08:05 +0000 2019","Early start today - off to Germany to present @Rothamsted long-term experiments and developing a global network for‚Ä¶ https://t.co/4fxs9UgPOx","799206372701306880","","","","False","0","0","0","9"
"1007220869582684160","Thu Jun 14 11:19:03 +0000 2018","Huge thank you to the @rothamstedfarms team for popular Broadbalk display @cerealsevent #cereals18, stand 428. Come‚Ä¶ https://t.co/b8cCdP1p0s","4727331819","","","","False","0","0","9","17"
"1009825501328957443","Thu Jun 21 15:48:55 +0000 2018","A good article in the latest issue of @signmagazine on statistics past and present at @Rothamsted my old stomping g‚Ä¶ https://t.co/BCpwWPp3kB","4814073502","","","","False","1","3","4","11"
"881185400072679424","Sat Jul 01 16:19:05 +0000 2017","Lots of poppies out on #broadbalk #longtermexperiment @Rothamsted https://t.co/YzYmMd8cdd","70681308","","","","False","0","0","0","8"
"553165737339416576","Thu Jan 08 12:26:03 +0000 2015","Broadbalk plots farmed conventionally (intensively as some would say) are fine after 171 years. 100 harvest left ???","499846337","","","","False","0","0","1","0"
"1042139611911413761","Tue Sep 18 19:53:40 +0000 2018","Good day worm collecting on Broadbalk today - I always find yellow-tailed topsoil worms (Octolasion cyaneum, blue-g‚Ä¶ https://t.co/huYsdyKFHM","4727331819","","","","False","1","0","4","14"
"1129048632945258496","Thu May 16 15:39:05 +0000 2019","Just took my first (unofficial) #facetimeafarmer class into the field to show them weeds in the wheat and how ""poop‚Ä¶ https://t.co/moCdwtWsb6","1094771408","","","","False","0","1","2","12"
"512139142562856960","Wed Sep 17 07:21:01 +0000 2014","New issue of Weed Research published http://t.co/e2IVreLclw. Articles include Broadbalk, cornflower and cheatgrass.","413952559","","","","False","0","0","0","0"
"862296759762079746","Wed May 10 13:22:22 +0000 2017","@Yara_UK learning about the findings from Broadbalk@Rothamsted https://t.co/5xyVGAymUZ","499846337","","","","False","0","0","3","3"
"287122995363864576","Fri Jan 04 09:07:11 +0000 2013","#ofc13 #ofc2013 169 years ago Lendl was looking at peas - huge body of continuous data on wheat in Broadbalk project.","143047334","","","","False","0","0","0","0"
"998494946717028353","Mon May 21 09:25:21 +0000 2018","Broadbalk worlds longest running scientific experiment. 175 years!!! @Rothamsted","70672287","","","","False","0","0","1","2"
"976453931382558720","Wed Mar 21 13:42:13 +0000 2018","@Soetman @simonvink @deheij @FarmersUnitedNL @CUJanD @zegtCLM @foodlog_nl Sec de rol van veeteelt/fossiel bekijken‚Ä¶ https://t.co/vwFkQeTsBk","817405362223648768","","","","False","0","0","1","0"
"1141565072118112256","Thu Jun 20 04:34:57 +0000 2019","@BSBIbotany @Rothamsted @monkeyjodey @jon_agar @LewisStuff @sjh220 @NatureBftB Talked about this w/ a @Rothamsted s‚Ä¶ https://t.co/iQKQBmTOZb","1397199464","","","","False","0","0","0","1"
"772751715724656640","Mon Sep 05 11:02:20 +0000 2016","#AnalyticalChemistryUnit @Rothamsted has extensive knowledge analysing samples from #Broadbalk #ParkGrass @BBSRC https://t.co/kBCsdZTSZT","87922339","","","","False","0","0","0","2"
"593834741410963456","Thu Apr 30 17:50:09 +0000 2015","Trip to Broadbalk @Rothamsted: oldest experimental wheat plots -spot the #nitrogen treatments #monogram2015 http://t.co/ZeK67c63gR","2359907359","","","","False","0","0","4","4"
"1151912173725192192","Thu Jul 18 17:50:38 +0000 2019","This field is known as Broadbalk and it is home to the longest continuously running agronomic experiment in the wor‚Ä¶ https://t.co/5u6mA9yLm5","1144882621","","","","False","1","3","14","42"
"940891485737750528","Wed Dec 13 10:29:45 +0000 2017","If you're interested in the history of #Broadbalk, the @Rothamsted annual report for 1968 part 2 is a fascinating r‚Ä¶ https://t.co/PaBQVub4QW","799206372701306880","","","","False","0","0","0","1"
"1059812112300679169","Tue Nov 06 14:17:52 +0000 2018","Should be #broadbalk","72494198","","","","False","0","0","0","0"
"729354175096758272","Sun May 08 16:56:00 +0000 2016","What a beautiful day at Rothamsted. I just flew my drone over Broadbalk: 173 years distilled into 20 seconds of fun. https://t.co/FdhCdijAaB","1043602884","","","","False","0","0","30","37"
"537649052968431616","Wed Nov 26 16:48:17 +0000 2014","Keith Goulding: Lawes' legacy &amp; broadbalk, the oldest agricultural field experiment in the world #LAWES200 http://t.co/Wf0Kr6I7vo","422042612","","","","False","0","0","6","3"
"694491835822166021","Tue Feb 02 12:05:31 +0000 2016","looking at Broadbalk the worlds oldest wheat expmnt with Baptiste Tellier speaker at @SentryLtd farming conference https://t.co/GUZarczwbK","144538369","","","","False","0","0","4","3"
"448405816647749634","Tue Mar 25 10:27:32 +0000 2014","Long term no herbicide wheat plot on broadbalk @Rothamsted last year (can you spot the wheat?) #Borlaug100 http://t.co/3l9A5fKcun","422042612","","","","False","0","2","10","2"
"1080910804994613248","Thu Jan 03 19:36:32 +0000 2019","Evening twitter is there a book in the world which discuss‚Äôs the history of broadbalk and the morrow plots in USA?","46077799","","","","False","0","1","0","0"
"1141449780331261955","Wed Jun 19 20:56:49 +0000 2019","@Wagner__Markus Population of galium tricornutum on section 9 of Broadbalk LTE @Rothamsted. Counted up to 75 plants‚Ä¶ https://t.co/ImGb9dlYDw","791713295967412224","","","","False","0","1","0","2"
"1043515108138385408","Sat Sep 22 14:59:24 +0000 2018","Broadbalk #Earthworms: worth their weight in gold! The largest #earthworm ever found here (L.terrestris) and common‚Ä¶ https://t.co/UGte4HsikQ","4727331819","","","","False","1","1","6","28"
"998488197960228864","Mon May 21 08:58:32 +0000 2018","#broadbalk - the story of modern agriculture @achimdobermann #LTErothamsted https://t.co/9K5LhTAlrD","799206372701306880","","","","False","0","0","1","6"
"289360782196621312","Thu Jan 10 13:19:21 +0000 2013","""@eRA_Curator: George Osborne referred to Rothamsted‚Äôs Broadbalk Experiment @Rothamsted  speech to the Royal Society http://t.co/zqLzS1y1""","472015665","","","","False","0","0","0","0"
"1178707793781633025","Mon Sep 30 16:26:52 +0000 2019","100 years of tractor ploughing on @Rothamsted 177-year-old Broadbalk wheat experiment.  With high N and FYM still p‚Ä¶ https://t.co/3sYVmJAFSh","934877549695553537","","","","False","3","1","9","29"
"1084018890278166528","Sat Jan 12 09:26:58 +0000 2019","@YolodyKim @teralytic One approach does not have to be at the exclusion of another. Again, go look at Broadbalk the‚Ä¶ https://t.co/a4JwyP4bMg","944818692","","","","False","0","0","0","0"
"536892977046515713","Mon Nov 24 14:43:55 +0000 2014","Via BBSRC: Plant co-existence: insights from a 171 year Rothamsted experiment: Research on Broadbalk weed comm... http://t.co/tIbqClq9vX","46342393","","","","False","0","0","0","0"
"861308611917754369","Sun May 07 19:55:50 +0000 2017","@atlasobscura Sigh, still not the oldest. @Rothamsted Broadbalk 1843! https://t.co/chGe9MZhhE","19870047","","","","False","0","0","0","1"
"1111302277359460353","Thu Mar 28 16:21:24 +0000 2019","Friday Eve üçªüëÄ #FridayVibes #FridayEve #Beer #Broadbalk #BroadbalkBitter #Rothamsted #RothamstedBitter #FarrBrew‚Ä¶ https://t.co/RGoXM85qDJ","1098245647436824577","","","","False","0","0","0","0"
"1042043396540575744","Tue Sep 18 13:31:20 +0000 2018","Ploughing today! The worm hunting team are collecting all unearthed #earthworms to see what species thrive after 17‚Ä¶ https://t.co/EJsaGz6bDQ","4727331819","","","","False","0","0","13","32"
"963787906874736640","Wed Feb 14 14:51:57 +0000 2018","We love the worlds longest-running field experiments @Rothamsted get data from e-RA @eracurator #lovedata18 preview‚Ä¶ https://t.co/HFCnOcsCwl","888499448","","","","False","1","0","5","9"
"923146824076099584","Wed Oct 25 11:18:48 +0000 2017","Glendining on the Broadbalk long term experiment: using interactive maps &amp; narratives to make up for missing data   #scidata17","256793538","","","","False","0","0","1","2"
"827522750411587584","Fri Feb 03 14:22:52 +0000 2017","It's a bit chilly at #broadbalk the world's longest continuous science experiment  on tour for #plotmech2017‚Ä¶ https://t.co/CDKxeyNBHx","700415291604467713","","","","False","0","0","0","0"
"1072156981451022336","Mon Dec 10 15:51:58 +0000 2018","We have new data 2017 &amp; 2018 for weeds surveyed on the no-herbicide section of #Broadbalk wheat experiment‚Ä¶ https://t.co/TSW7voe7nq","888499448","","","","False","1","0","4","7"
"999220131552165888","Wed May 23 09:26:58 +0000 2018","Fascinating flash talk earthworms on #broadbalk long-term experiment as indicators of soil health @wormscience‚Ä¶ https://t.co/EtMBeQmZ3d","888499448","","","","False","2","0","7","9"
"978686888977498113","Tue Mar 27 17:35:12 +0000 2018","@HendrikKaput @jwerisman Die 10-20% is o.a. gebaseerd op de N-respons in Broadbalk. Dit is geen pleidooi voor geen kunstmest.","978683145938759680","","","","False","0","0","0","0"
"905086154323750912","Tue Sep 05 15:12:09 +0000 2017","This fellow was also keen to hear about Broadbalk Experiment @Rothamsted. The 401st conference delegate? #SOM2017 https://t.co/x0V8sO9cd4","243423583","","","","False","0","0","0","1"
"834089393275158529","Tue Feb 21 17:16:22 +0000 2017","Good to have a visit by colleagues from SRUC @Rothamsted @SRUC  viewing Broadbalk &amp; Sample Archive https://t.co/k9cKWliMoE","888499448","","","","False","0","0","2","5"
"1121812154175434752","Fri Apr 26 16:23:54 +0000 2019","Today‚Äôs office: Broadbalk @Rothamsted #wheat #soil and #sun ‚úåüèª https://t.co/xl9gojM3Lg","230840748","","","","False","0","2","1","4"
"469875018735030272","Fri May 23 16:18:28 +0000 2014","Excellent visit to @rothamsted seeing 173 year old wheat trial broadbalk and learning about GM camelina trial http://t.co/LWB9mNvUkI","144538369","","","","False","0","0","0","0"
"807160288114016256","Fri Dec 09 09:49:43 +0000 2016","Broadbalk long-term experiment @Rothamsted now in Guinness Book of Records - data from e-RA_Curator https://t.co/GoNPdEeyvh","888499448","","","","False","0","0","0","0"
"1023477353148768257","Sun Jul 29 07:56:30 +0000 2018","@OOOfarmer @FarmerAndyH @IntegratedSoils @bentd76 @SimonCo47613635 It does look interesting. The Rothamstead broadb‚Ä¶ https://t.co/eJOXyyLhjr","460443347","","","","False","0","1","0","0"
"1043520707920109573","Sat Sep 22 15:21:39 +0000 2018","@bettwsresident https://t.co/CIBX5mpdYg","4727331819","","","","False","0","0","0","1"
"1190340872040329216","Fri Nov 01 18:52:34 +0000 2019","Those first experiments began in 1843 on Broadbalk, probably the most famous field in the world. The exact same exp‚Ä¶ https://t.co/B0z7mOPuQv","2276009684","","","","False","0","2","5","25"
"672147043788304384","Wed Dec 02 20:15:17 +0000 2015","Dyk the broadbalk plots are oldest continuous wheat experiments in the world? #growcanada15 shows Ag depends on tech https://t.co/ANtS0W1jhr","188086868","","","","False","0","1","0","1"
"197683766293041152","Wed May 02 13:47:37 +0000 2012","The Broadbalk field experiment has been running continuously since 1843 http://t.co/3sjDpm7B","86433671","","","","False","0","0","0","0"
"946517607586385921","Thu Dec 28 23:05:57 +0000 2017","UK Wheat yields 1240 - present
Historical yields from feudal records https://t.co/iu5LA3KMSV
Late 1800s - present,‚Ä¶ https://t.co/hsZF4ajHJS","708346432395157504","","","","False","0","0","1","1"
"558996201937580032","Sat Jan 24 14:34:14 +0000 2015","Ian @BSBIbotany shows changes since 1843 in best known field in world - Rothamsted""s Broadbalk long-term field expt http://t.co/Gyr4UCf7Kn","38625476","","","","False","0","1","4","1"
"919604452100837376","Sun Oct 15 16:42:41 +0000 2017","@Mikeandhisdog @Botanygeek Yet the 150 years plus of Broadbalk show that is a nonsense.","944818692","","","","False","0","0","0","4"
"571286267465474048","Fri Feb 27 12:30:34 +0000 2015","The Broadbalk Experiment @Rothamsted: putting a voice to the LTES @BBSRC National capability #IYS2015 https://t.co/CeBtSuDhBN","87922339","","","","False","0","0","4","2"
"572810950266339328","Tue Mar 03 17:29:07 +0000 2015","RT @Rothamsted: The Broadbalk Experiment @Rothamsted: putting a voice to the LTES @BBSRC National capability https://t.co/C6cAfQU6C1","143789185","","","","False","0","0","1","0"
"506393642987429889","Mon Sep 01 10:50:27 +0000 2014","RT @nl_brown: Penny Hirsch from @BBSRC @Rothamsted on the Broadbalk experiment at #SGMsoil14. @GenomeAnalysis also gets a mention.","98877698","","","","False","0","0","1","2"
"912974704662781952","Wed Sep 27 09:38:26 +0000 2017","Treasure hunting on Broadbalk today! #soilscience #earthworms #ploughing https://t.co/zJ8ZwYLumK","4727331819","","","","False","1","0","2","25"
"1007294258737569792","Thu Jun 14 16:10:40 +0000 2018","Getting my hands dusty with #broadbalk grain for fetting up the #RothamstedFestival Yield Challenge Game. Ratio of‚Ä¶ https://t.co/LbIhUXBqb8","799206372701306880","","","","False","0","0","0","1"
"732248757476020224","Mon May 16 16:38:02 +0000 2016","A future UNESCO heritage site? With 170 years plus continuous wheat, @Rothamsted broadbalk trial should be! https://t.co/XDh069WQtr","1227054354","","","","False","0","0","0","0"
"1048576778342752257","Sat Oct 06 14:12:40 +0000 2018","@jwerisman Het Broadbalk experiment in Rothamsted geeft 1 ton/ha als opbrengst over 160 jaar.. Heeft Frits al een l‚Ä¶ https://t.co/xGZslyZbuM","817405362223648768","","","","False","0","0","0","0"
"1031538787090931712","Mon Aug 20 13:49:46 +0000 2018","Great, clear talk by Randy Neidz. Really enjoyable description and discussion of experiment design. All the way fro‚Ä¶ https://t.co/hYcdllNBl7","39707241","","","","False","0","0","5","10"
"1030801556743045122","Sat Aug 18 13:00:17 +0000 2018","See the Broadbalk Experiments during the Cereals &amp; Grains 18 post-meeting Rothamsted Research Tour!‚Ä¶ https://t.co/K22NO3tc1Z","33989421","","","","False","0","0","0","2"
"976426252725817345","Wed Mar 21 11:52:14 +0000 2018","Nice day to be out of the office- digging for earthworms in Broadbalk today #wormscience https://t.co/5ZqBTJnXKL","4727331819","","","","False","0","0","5","24"
"964144284684431361","Thu Feb 15 14:28:05 +0000 2018","Fields of glory. Explore long-term experiments, from the classical and continuing trials in Barnfield and Broadbalk‚Ä¶ https://t.co/qLrk6rnkzy","87922339","","","","False","2","0","7","7"
"884423146341896192","Mon Jul 10 14:44:44 +0000 2017","Visiting Broadbalk and Park Grass, some of the world's longest-running experiments @Rothamsted @NUCLEUS_VJC https://t.co/yHmK8O616C","731600686572576769","","","","False","0","0","7","14"
"1016651367140732928","Tue Jul 10 11:52:29 +0000 2018","""How weather variation changes the functional response of wheat to nitrogen on Broadbalk"" by John Addy #IBC2018BCN‚Ä¶ https://t.co/exhwLUMewl","1008705268413292544","","","","False","0","0","0","0"
"593910343329517568","Thu Apr 30 22:50:34 +0000 2015","Broadbalk trial @Rothamsted. Which plot has nitrogen?? #monogram2015 #impressive http://t.co/GL80C6RRyF","938704483","","","","False","0","0","1","3"
"593392865184772096","Wed Apr 29 12:34:18 +0000 2015","Achim Dobermann director @Rothamsted shows mean wheat yields and tech changes at Broadbalk field trials #Monogram2015 http://t.co/xyLqI0SnIr","950350586","","","","False","0","0","8","6"
"488678370646167553","Mon Jul 14 13:36:17 +0000 2014","Video about Broadbalk, the longest running field experiment on wheat http://t.co/17Gi8HTEFn. Related data available from e-RA.","888499448","","","","False","0","0","1","0"
"1152094430880567296","Fri Jul 19 05:54:51 +0000 2019","Great opportunity yesterday with @IKCaldwell #Brexittour to see around @Rothamsted #broadbalk #resistance‚Ä¶ https://t.co/bIzy8XYrpm","335213670","","","{'id': '4a487d4c97c15987', 'url': 'https://api.twitter.com/1.1/geo/id/4a487d4c97c15987.json', 'place_type': 'city', 'name': 'Harpenden', 'full_name': 'Harpenden, East', 'country_code': 'GB', 'country': 'United Kingdom', 'bounding_box': {'type': 'Polygon', 'coordinates': [[[-0.408945, 51.79144], [-0.408945, 51.833672], [-0.319851, 51.833672], [-0.319851, 51.79144]]]}, 'attributes': {}}","False","0","0","2","9"
"697858492716208128","Thu Feb 11 19:03:24 +0000 2016","#WinterAtRothamsted #Wheat stem elongation #Broadbalk #NationalCapability #BBSRC https://t.co/u4DQxcAo2Z","87922339","","","","False","0","1","1","2"
"474125039596744704","Wed Jun 04 09:46:32 +0000 2014","Open Access Data: selected Broadbalk Soil Organic Carbon data is now freely available http://t.co/7lGOR2GEgB","888499448","","","","False","0","0","0","0"
"565527457730936834","Wed Feb 11 15:07:07 +0000 2015","broadbalk.wheat http://t.co/buRK5CpbuZ","742356589","","","","False","0","0","0","0"
"894843728178933760","Tue Aug 08 08:52:24 +0000 2017","DOIs for #Broadbalk and #parkgrass long-term experiments are next on the board...@eRA_Curator","799206372701306880","","","","False","0","0","0","0"
"998602690128171009","Mon May 21 16:33:29 +0000 2018","Lots of innovations have positive sustainability effects over the years of Broadbalk data #AgBalance #LTErothamsted @Rothamsted","70672287","","","{'id': '4a487d4c97c15987', 'url': 'https://api.twitter.com/1.1/geo/id/4a487d4c97c15987.json', 'place_type': 'city', 'name': 'Harpenden', 'full_name': 'Harpenden, East', 'country_code': 'GB', 'country': 'United Kingdom', 'bounding_box': {'type': 'Polygon', 'coordinates': [[[-0.408945, 51.79144], [-0.408945, 51.833672], [-0.319851, 51.833672], [-0.319851, 51.79144]]]}, 'attributes': {}}","False","0","0","0","1"
"1085147878119653378","Tue Jan 15 12:13:09 +0000 2019","Couple more pics of the new rotation experiment, next to #broadbalk. First is a no-till plot with struggling OSR an‚Ä¶ https://t.co/kcjnrj86K5","799206372701306880","","","","False","0","0","0","2"
"578211074488557568","Wed Mar 18 15:07:17 +0000 2015","New open access data now in e-RA: organic carbon accumulation in Broadbalk and Geescroft Wilderness  #Rothamsted http://t.co/DlpBXB5Ir0","888499448","","","","False","0","0","0","0"
"1008658195626291200","Mon Jun 18 10:30:28 +0000 2018","The 100th Birthday of @Rothamsted in July 1943 https://t.co/RtF65FdGJq @Rothamsted_docs saw 300 guests enjoying a s‚Ä¶ https://t.co/auysruTPgK","888499448","","","","False","0","1","7","10"
"287123058316161024","Fri Jan 04 09:07:26 +0000 2013","Maloney #ofc13 169 year Broadbalk experiment emphasises importance of Ag chem in increasing yields","297695587","","","","False","0","0","0","0"
"862617832886022144","Thu May 11 10:38:12 +0000 2017","@RichardJOstler making connections between #broadbalk @Rothamsted
and the wider world with #OpenData from e-RA‚Ä¶ https://t.co/wUFz4d54r0","888499448","","","","False","0","0","2","1"
"438648733484724224","Wed Feb 26 12:16:22 +0000 2014","Anyone who doubts the importance of science in agriculture needs to see @Rothamsted Broadbalk wheat experiment @uksciencechief tells #NFU14","462982499","","","","False","0","0","4","0"
"1054319543005396995","Mon Oct 22 10:32:22 +0000 2018","Heard of the Broadbalk Experiment? It‚Äôs the world‚Äôs longest experiment and lasted for 173 years!‚Ä¶ https://t.co/YHkEf2YcKK","832619492","","","","False","0","0","0","2"
"1137785700634583040","Sun Jun 09 18:17:04 +0000 2019","@jon_agar @BSBIbotany Broadbalk is now acknowledged as the longest running SCIENTIFIC experiment in the world, not‚Ä¶ https://t.co/STmgZfP54l","387257244","","","","False","0","0","0","1"
"1147091565116104704","Fri Jul 05 10:35:15 +0000 2019","@Sir_Creaky #broadbalk wilderness area - small but perfectly tangled - plus a bonus shot of the field experiment. https://t.co/nnNfMOH6FT","799206372701306880","","","{'id': '4a487d4c97c15987', 'url': 'https://api.twitter.com/1.1/geo/id/4a487d4c97c15987.json', 'place_type': 'city', 'name': 'Harpenden', 'full_name': 'Harpenden, East', 'country_code': 'GB', 'country': 'United Kingdom', 'bounding_box': {'type': 'Polygon', 'coordinates': [[[-0.408945, 51.79144], [-0.408945, 51.833672], [-0.319851, 51.833672], [-0.319851, 51.79144]]]}, 'attributes': {}}","False","0","1","1","8"
"870228847047958528","Thu Jun 01 10:41:39 +0000 2017","FYM increases #earthworms biomass in #Broadbalk plots incorporating milled straw may increase them more https://t.co/kQnDJpkxBs @tomsizmur","888499448","","","","False","0","0","2","1"
"1006820290112958464","Wed Jun 13 08:47:17 +0000 2018","The no herbicide aspect of Broadbalk. Come and talk all things #blackgrass with us today @CerealsEvent‚Ä¶ https://t.co/KZx2Jpcp7g","1470511405","","","","False","1","0","7","15"
"1010605610675695616","Sat Jun 23 19:28:48 +0000 2018","@pgroresearch @Rothamsted If you get a chance on Sunday, visit yield challenge game in the #soilzone and see the di‚Ä¶ https://t.co/giBW3pAcf5","799206372701306880","","","","False","0","0","1","0"
"565318019086557184","Wed Feb 11 01:14:53 +0000 2015","broadbalk.wheat http://t.co/BdxEIfsByw","742356589","","","","False","0","0","0","0"
"1110161225382547457","Mon Mar 25 12:47:16 +0000 2019","Broadbalk 175th year wheat yields 2018 now available from e-RA. Chart showing actual variation in yields across the‚Ä¶ https://t.co/YEPLDjbt54","888499448","","","","False","2","0","8","19"
"905081561074237441","Tue Sep 05 14:53:54 +0000 2017","Broadbalk Expt @Rothamsted.  Oldest in the world, 174 yrs fert vs manure, continuous wheat vs rotation. Data here:‚Ä¶ https://t.co/Ofjs9XzeNB","243423583","","","","False","0","0","9","11"
"844886375543590920","Thu Mar 23 12:19:43 +0000 2017","Going from labs to fields @Rothamsted to see the famous Broadbalk experiment https://t.co/Fm9ZjS395j","3341301681","","","","False","0","0","0","1"
"807009380562386944","Thu Dec 08 23:50:04 +0000 2016","We're in the Guinness Book now! Broadbalk wheat is the world's longest running scientific experiment https://t.co/8aYAjvVybX via @GWR","1043602884","","","","False","1","1","37","27"
"529611546432135168","Tue Nov 04 12:30:07 +0000 2014","2014 weed survey data from Broadbalk now in e-RA http://t.co/4uJrjz54uq","888499448","","","","False","0","0","0","0"
"745614134037778433","Wed Jun 22 13:47:17 +0000 2016","Arable hallowed ground.The Broadbalk experiment,Rothamsted Research Centre.This plot;cont wheat,no fert since 1843! https://t.co/CMlTqHfYFk","3283945524","","","","False","3","2","3","10"
"996665156871520257","Wed May 16 08:14:25 +0000 2018","@iainh_z @ScientificData Great to have it published and #broadbalk is in the @GWR as the longest continuously running experiment","799206372701306880","","","","False","1","0","0","0"
"1190342894042976258","Fri Nov 01 19:00:36 +0000 2019","Here‚Äôs a short video on Broadbalk. Interesting to note Broadbalk Wilderness at the top of the field on the left....‚Ä¶ https://t.co/VAfRXHnCzH","2276009684","","","","False","0","0","0","3"
"722696712746332164","Wed Apr 20 08:01:38 +0000 2016","Rotation crops can be interesting! The Broadbalk Experiment: 170+ years of continuous #wheat fertility/management. https://t.co/gOf2DnyMK8","312774997","","","","False","0","0","1","3"
"1091651781673676800","Sat Feb 02 10:57:21 +0000 2019","Updated draft dataset for #Broadbalk farm operations 1948-2017 https://t.co/guOI5FUpxn","799206372701306880","","","","False","0","0","0","1"
"998564396740771840","Mon May 21 14:01:19 +0000 2018","Whether it's @rothamsted #broadbalk wheat, @irri continuous rice or Knorr-Holden corn plots, long-term ag experimen‚Ä¶ https://t.co/jjsY6D8SNN","799206372701306880","","","","False","1","0","4","5"
"996684082120716288","Wed May 16 09:29:37 +0000 2018","The latest addition to our collection of Open research data resources (https://t.co/8g4HCfPMvp) - @eRA_Curator's ap‚Ä¶ https://t.co/aQtSZaNEpO","1307614093","","","","False","2","0","2","7"
"874205980770406400","Mon Jun 12 10:05:22 +0000 2017","Current and retired weeds group members conducting weed survey on Broadbalk section 8 @Rothamsted https://t.co/TbgNN9Pt8z","791713295967412224","","","","False","0","0","0","2"
"538251472270401536","Fri Nov 28 08:42:05 +0000 2014","This week's briefings: CAP post 2020, Avian flu, Climate and BioD, Broadbalk
http://t.co/RgbqEECry1","191090628","","","","False","0","0","1","0"
"340471895466053633","Fri May 31 14:16:40 +0000 2013","Broadbalk: one of the oldest continuous agronomic experiments. For 170 yrs winter wheat sown &amp; harvested on one field http://t.co/8tbdrXIGdW","581089225","","","","False","0","0","0","0"
"297238120351547392","Fri Feb 01 07:01:04 +0000 2013","@Arable_Farmer looks like broadbalk will be sown as a Spring wheat this year - v unusual","422042612","","","","False","0","0","0","0"
"998599305735876608","Mon May 21 16:20:02 +0000 2018","Applying #AgBalance to the tremendous LTE that is Broadbalk @Rothamsted #LTErothamsted https://t.co/eW632hpuj8","70672287","","","","False","0","1","2","3"
"940908176752496641","Wed Dec 13 11:36:05 +0000 2017","Broadbalk Sunday 10th December @Rothamsted had the rainfall equivalent of 23mm snow https://t.co/i7RGziRnaL","888499448","","","","False","0","0","2","1"
"1169248883752558592","Wed Sep 04 14:00:32 +0000 2019","Talking about #AgBalance @BASFAgro at the #lcm2019 about #sustainable #agriculture assessing #sustainability in whe‚Ä¶ https://t.co/fzr28FWAif","1546631330","","","","False","0","1","4","15"
"1090310500196511744","Tue Jan 29 18:07:34 +0000 2019","@MtTreanor There is a lot of A.Longa (black headed worm) activity in this mild, wet weather. Not surprised to see f‚Ä¶ https://t.co/Uj8GsqtKi3","4727331819","","","","False","0","0","0","4"
"1010524005235818496","Sat Jun 23 14:04:32 +0000 2018","Back to the origins of modern agriculture! Broadbalk and Woburn experiments on soil and fertilisers! @etsiaab Agron‚Ä¶ https://t.co/lwdyrRcsME","885808286255255553","","","","False","1","0","0","11"
"1136641672480210945","Thu Jun 06 14:31:07 +0000 2019","Fertilizer inputs also select the arable weed flora, not just herbicides. @Rothamsted Broadbalk LTE https://t.co/GIVvH02gqp","791713295967412224","","","","False","0","1","10","24"
"992327358362374145","Fri May 04 08:57:33 +0000 2018","1/3 We're growing beans this year in the famous Broadbalk long-term experiment. Looking very poor in this strip, i.‚Ä¶ https://t.co/o5kM8pq3Ug","1043602884","","","","False","0","0","1","2"
"1003684220756164610","Mon Jun 04 17:05:40 +0000 2018","Andy MacDonald of @Rothamsted Research taking delegates around the Broadbalk long-term experiment during last month‚Ä¶ https://t.co/I9vj6dIbzL","358178512","","","","False","0","0","1","1"
"978613019264602112","Tue Mar 27 12:41:40 +0000 2018","@jwerisman Die 20% is natuurlijk pure flauwekul en stamt van Seufert V, Ramankutty N, Foley JA. en van de Ponti T,‚Ä¶ https://t.co/rJQHqNu0eo","817405362223648768","","","","False","0","1","0","0"
"927094218786529280","Sun Nov 05 08:44:20 +0000 2017","@Cereals_North @AHDB_Cereals Broadbalk Classic Experiment plots with long term FYM use?","499846337","","","","False","0","0","0","0"
"1007359101398110209","Thu Jun 14 20:28:20 +0000 2018","A bit of a @rothamsted rights of passage for me this evening as I gave my first ever #parkgrass and #broadbalk mini‚Ä¶ https://t.co/QGQeWGTPQo","799206372701306880","","","","False","0","2","0","9"
"917415714830667784","Mon Oct 09 15:45:25 +0000 2017","Broadbalk wheat experiment @Rothamsted ploughed and ready for its 175th year. Photo courtesy of #Chrishall4069 https://t.co/mlTUigfOzj","888499448","","","","False","2","0","14","20"
"992121085989675008","Thu May 03 19:17:54 +0000 2018","@angusgowthorpe @Rothamsted @wormscience Excellent, some excellent stuff going on @Rothamsted too.
 Broadbalk Field‚Ä¶ https://t.co/99iGtyJ4Gz","1142944490","","","","False","0","0","1","3"
"904684300431499265","Mon Sep 04 12:35:20 +0000 2017","Humbled and inspired to finally visit the Broadbalk Wheat Expt. 174 years of continuous research at Rothamsted.‚Ä¶ https://t.co/T1SY5MRZmi","1419278364","","","","False","0","0","1","12"
"1044491608740302849","Tue Sep 25 07:39:39 +0000 2018","Great visit to the Rothamsted 175-year old field trial ‚ÄòBroadbalk‚Äô @waiteresearch @GRDCSouth https://t.co/opC6zm4VBt","3453601514","","","","False","0","1","2","15"
"744222210647330816","Sat Jun 18 17:36:16 +0000 2016","The 'hall of prophecy' at Rothamsted Research, and the Broadbalk Experiment in the flesh - both now and 1866! https://t.co/WVFnrdtJMa","168566191","","","","False","0","0","1","3"
"598910979649499136","Thu May 14 18:01:19 +0000 2015","Back to the future with Broadbalk: Learn about @Rothamsted‚Äôs Long-term Experiments at #SoilisLife Research Day: http://t.co/K0cp4YfKoP","87922339","","","","False","0","0","2","2"
"537218736068243456","Tue Nov 25 12:18:22 +0000 2014","Studies of weed species on Broadbalk's nil-herbicide plots at #Rothamsted highlight mechanisms of plant co-existence http://t.co/SibipljP0M.","888499448","","","","False","0","0","0","0"
"1131462798595284992","Thu May 23 07:32:07 +0000 2019","Spotted some life out in the Broadbalk fields yesterday too - a photogenic green shield bug (Palomena prasina), an‚Ä¶ https://t.co/yRRH6BVRRm","4408407699","","","{'id': '4a487d4c97c15987', 'url': 'https://api.twitter.com/1.1/geo/id/4a487d4c97c15987.json', 'place_type': 'city', 'name': 'Harpenden', 'full_name': 'Harpenden, East', 'country_code': 'GB', 'country': 'United Kingdom', 'bounding_box': {'type': 'Polygon', 'coordinates': [[[-0.408945, 51.79144], [-0.408945, 51.833672], [-0.319851, 51.833672], [-0.319851, 51.79144]]]}, 'attributes': {}}","False","0","0","1","8"
"468749059998892033","Tue May 20 13:44:19 +0000 2014","@EITMonline look up broadbalk winter wheat experiment","17419564","","","","False","0","0","0","0"
"975686324446486530","Mon Mar 19 10:52:01 +0000 2018","Richard Ostler from Rothamsted Institute in UK now presents metadata challenges for the Broadbalk Long Term Experim‚Ä¶ https://t.co/fWLrGyKUm2","17106144","","","","False","0","0","0","2"
"352835086439284736","Thu Jul 04 17:03:34 +0000 2013","Broadbalk archive @Rothamsted. Complete record since harvest 1844 - top left. Amazing... http://t.co/L5n9bKKBha","576988141","","","","False","0","0","6","1"
"352306250802933760","Wed Jul 03 06:02:10 +0000 2013","@Rothamsted association workshop today. Looking forward to seeing Broadbalk, GM field trials and their Farm Platform.","576988141","","","","False","0","1","0","0"
"1130493607197253634","Mon May 20 15:20:54 +0000 2019","@Wervelvzw ""This is consistent with earlier studies on Broadbalk (Glendining et al.,
1996) and reviews of numerous‚Ä¶ https://t.co/fziQN6oa7Y","371775669","","","","False","0","1","0","0"
"334986536175157248","Thu May 16 10:59:48 +0000 2013","Farmer group with John Cussans @NIABTAG visiting broadbalk @Rothamsted http://t.co/P7bY6mmQyG","422042612","","","","False","0","0","0","0"
"695714687514734592","Fri Feb 05 21:04:41 +0000 2016","@achimdobermann Fond memories of Arbuscular mycorrhizal surveying (&lt;8% rlc) in, &amp; London marathon '83 training around, beautiful Broadbalk","1665170575","","","","False","0","0","0","0"
"1131261312363839489","Wed May 22 18:11:29 +0000 2019","@PilgrimChris I'm Interested in your view of what happens if something is left alone. I know what happens, we've se‚Ä¶ https://t.co/I33unHIS9q","460443347","","","","False","0","1","0","0"
"1010129419632041985","Fri Jun 22 11:56:35 +0000 2018","The trees in the field line are an old abandoned wheat trial plot at #Broadbalk which was abandoned many years ago‚Ä¶ https://t.co/zvDxCzWCU8","2499219127","","","","False","0","0","2","5"
"907593565295054849","Tue Sep 12 13:15:42 +0000 2017","Woohoo! Getting hands dirty on Broadbalk (longest scientific experiment in world) to discover soil management vs ea‚Ä¶ https://t.co/agY2XXASDX","4727331819","","","","False","1","1","7","38"
"1080855501053796352","Thu Jan 03 15:56:47 +0000 2019","Nice to see @Rothamsted #Broadbalk experiment getting a mention from @UKRI_CEO at @oxfordfarming #ofc19. Really is‚Ä¶ https://t.co/gULoGV81fW","351830975","","","{'id': '616ba1df27270916', 'url': 'https://api.twitter.com/1.1/geo/id/616ba1df27270916.json', 'place_type': 'city', 'name': 'Oxford', 'full_name': 'Oxford, England', 'country_code': 'GB', 'country': 'United Kingdom', 'bounding_box': {'type': 'Polygon', 'coordinates': [[[-1.289608, 51.712267], [-1.289608, 51.796305], [-1.177259, 51.796305], [-1.177259, 51.712267]]]}, 'attributes': {}}","False","1","0","3","10"
"537649864516325376","Wed Nov 26 16:51:31 +0000 2014","The 170 yr old Broadbalk classical wheat experiments @Rothamsted are now (also) being monitored using a drone. @BBSRC","2499219127","","","","False","0","0","0","0"
"206690957586993152","Sun May 27 10:18:59 +0000 2012","Thinking of Rothamsted and #geeksinthepark.  Hope Parkgrass and Broadbalk stay safe and the wheat is not destroyed. #dontdestroyresearch","351272064","","","","False","0","0","0","0"
"824964128297066497","Fri Jan 27 12:55:49 +0000 2017","couldn't resist getting a pic of the wheat from Broadbalk long term expt @Rothamsted. FYM; no amends then ‚¨ÜÔ∏è NPK https://t.co/OmLAhyNDFG","3098669021","","","","False","0","2","5","7"
"401307534461779968","Fri Nov 15 11:15:46 +0000 2013","Maurice Moloney of Rothamsted UK discussing the datasets from the Broadbalk wheat experiment, ongoing since 1850!!","635612479","","","","False","0","0","0","0"
"1144607296980496386","Fri Jun 28 14:03:40 +0000 2019","Plenty of poppies on display as we survey the rare arable weeds on the Broadbalk long-term experiment today. https://t.co/GzCkvdcKih","1070756054","","","","False","0","0","2","8"
"879914783574642688","Wed Jun 28 04:10:07 +0000 2017","Long term science, operating since1843, measuring winter wheat yield under different conditions 
#NeatScience‚Ä¶ https://t.co/mn1Rb2mtc6","493016683","","","","False","0","0","0","0"
"1048653557652750336","Sat Oct 06 19:17:45 +0000 2018","@goedbodembeheer @jwerisman Oh ja? Rothamsted, Broadbalk experiment zegt iets anders. Al mijn data uit vroegere eeuwen ook.","817405362223648768","","","","False","0","0","0","0"
"729402055505412098","Sun May 08 20:06:16 +0000 2016","RT @achimdobermann | What a beautiful day at Rothamsted. I just flew my drone over Broadbalk: 173 years distilled ‚Ä¶ https://t.co/YAfrOzNoO3","3977670034","","","","False","0","0","0","0"
"1141453044850286592","Wed Jun 19 21:09:47 +0000 2019","@RHull76 @Rothamsted That unfertilized part of Broadbalk must be like an 'ecological time capsule', and nice to hav‚Ä¶ https://t.co/6JjZE6UEgo","1397199464","","","","False","0","1","0","0"
"717262269755875328","Tue Apr 05 08:07:05 +0000 2016","Broadbalk - world's longest running agricultural experiment on wheat yields","1722650852","","","","False","0","0","0","1"
"1083766818764980225","Fri Jan 11 16:45:19 +0000 2019","Well that was fun - thanks to Tesseract and some terribly written Python I've extracted farm operations for‚Ä¶ https://t.co/lcRsAwU46f","799206372701306880","","","","False","0","0","0","2"
"1131286715300274178","Wed May 22 19:52:25 +0000 2019","Here are some photos of @Rothamsted and some of the wildlife @AlexLikesFlies and I found today on‚Ä¶ https://t.co/9VVPgfy56i","29302703","","","","False","2","2","1","10"
"1151560607897935873","Wed Jul 17 18:33:38 +0000 2019","@NRInstitute visit to @Rothamsted to discuss research collaboration.  Steve Freeman showing us the amazing Broadbal‚Ä¶ https://t.co/XQSk8toteW","480481655","","","","False","1","0","1","2"
"1010127385361113088","Fri Jun 22 11:48:30 +0000 2018","Gotta love #Broadbalk ‚Å¶@Rothamsted‚Å©. Great to share the trailer tour with policy, research, industry farming and fu‚Ä¶ https://t.co/pKmsGUO2js","2499219127","","","","False","0","0","1","4"
"1001003986370080768","Mon May 28 07:35:22 +0000 2018","@PowlsonDavid @naked_barley That's nice research but... A one year break works fine and encourages rotations which‚Ä¶ https://t.co/XBUT2SAr51","782482915800276992","","","","False","0","1","0","0"
"992311649661939714","Fri May 04 07:55:08 +0000 2018","My PhD researcher Timo gave me a little tour of the AfSIS dry spectroscopy lab @Rothamsted https://t.co/frQesEDaAp‚Ä¶ https://t.co/CrgZ0FuL0G","3098669021","","","","False","0","1","2","13"
"936258270284656641","Thu Nov 30 15:39:01 +0000 2017","@Botanygeek I'm with you on dangers of cherry picking. It's just that I haven't seen data to the contrary. Broadbal‚Ä¶ https://t.co/YkqoQXGZR1","90289733","","","","False","0","1","0","2"
"1090281033235353600","Tue Jan 29 16:10:29 +0000 2019","@ProfBrianCox At @Rothamsted our longest running agricultural experiment #broadbalk is in its 176th year and our ne‚Ä¶ https://t.co/W6jKwCFnvI","799206372701306880","","","","False","1","0","3","7"
"978282135470661633","Mon Mar 26 14:46:51 +0000 2018","First crop of winter beans in new rotation on Broadbalk section 7 @Rothamsted https://t.co/7LJNtCRMv4","888499448","","","","False","1","0","2","7"
"904735276551077890","Mon Sep 04 15:57:53 +0000 2017","@JeremyLelean @Soil_Security Hope it goes well! Sorry to hear you're going to miss our epic Broadbalk earthworm mapping too","4727331819","","","","False","0","1","0","1"
"694491420573462528","Tue Feb 02 12:03:52 +0000 2016","@Rothamsted looking at Broadbalk the worlds oldest wheat expmnt with Baptiste Tellier speaker at tomorrow's @SentryLtd farming conference","144538369","","","","False","0","1","0","1"
"1042336909740138496","Wed Sep 19 08:57:39 +0000 2018","Day 2 of Broadbalk #earthworm hunting - it‚Äôs me vs the seagulls! https://t.co/swhYClBoRR","4727331819","","","","False","0","2","3","14"
"537651898158153729","Wed Nov 26 16:59:36 +0000 2014","@Toby_Bruce @Rothamsted I was at the 150 y anniversary of Broadbalk in 19993 - hope to make it to the 200 y - still a long way","487657262","","","","False","0","1","1","0"
"519511746957291520","Tue Oct 07 15:37:07 +0000 2014","Amazing evolution of agriculture at Broadbalk, the oldest ag experiment in the world #ABIC2014","451621791","","","","False","0","0","0","0"
"1100108444428890114","Mon Feb 25 19:01:06 +0000 2019","#Voc√™Sabia: o brit√¢nico Broadbalk √© o mais antigo experimento agr√≠cola cont√≠nuo do mundo. Ele √© mantido h√° 176 anos‚Ä¶ https://t.co/R7x4wtWmfk","44632152","","","","False","0","1","3","12"
"923145786719862785","Wed Oct 25 11:14:41 +0000 2017","Margaret Glendining speaking about the Broadbalk expt, one of oldest continuous agronomic experiments https://t.co/oe6GBASePu #scidata17","1410437030","","","","False","0","0","2","4"
"884417322542395392","Mon Jul 10 14:21:36 +0000 2017","@vivrosati Yes please visit! Also see the Broadbalk Experiment which is the longest running scientific experiment in the world 1843-present!","822043644509163521","","","","False","0","0","0","1"
"1090279862714159107","Tue Jan 29 16:05:50 +0000 2019","I‚Äôve never seen this much earthworm casting around the edge of Broadbalk before. Not much in the field though... https://t.co/W3tKuA4wUU","4727331819","","","","False","3","4","1","27"
"1142174400516710400","Fri Jun 21 20:56:12 +0000 2019","@JohntheTree2 @inthemarches @andyheald @GeorgeMonbiot @TheICF As I understand the Rothamsted literature, source of‚Ä¶ https://t.co/XVBiOVZbJ9","584668772","","","","False","0","0","0","1"
"1163750526720368640","Tue Aug 20 09:52:01 +0000 2019","Our @Rothamsted long-term experiments are highlighted in this review of phosphorous in agriculture‚Ä¶ https://t.co/fkKyIUkj7g","888499448","","","","False","1","0","9","8"
"16267748375","Wed Jun 16 00:52:27 +0000 2010","@Justakittie Well, actually - kinda :). 1843 to be exact, but it's a wheat thing :). #Broadbalk.","14962681","","","","False","0","0","0","0"
"486580759797702656","Tue Jul 08 18:41:08 +0000 2014","Soil and seed samples from the historic #Broadbalk Experiment @Rothamsted. Data and samples dating back to 1843 http://t.co/vqNvpGua04","2499219127","","","","False","0","0","3","0"
"745607307954786304","Wed Jun 22 13:20:09 +0000 2016","#cstour now at the famous Broadbalk wheat trial at Rothamsted research centre. https://t.co/0RuaIQH0R4","2577434587","","","","False","0","0","2","1"
"716987365206704129","Mon Apr 04 13:54:43 +0000 2016","One of the oldest soil samples in existence, from the Broadbalk wheat experiment still going since 1843! https://t.co/jhKD3ZVVwR","2560864436","","","","False","0","0","0","0"
"569829267250552832","Mon Feb 23 12:00:58 +0000 2015","Yes it is remarkable @dromius! @Rothamsted does a lot of insightful research across large time scales. Broadbalk is globally unique!","87922339","","","","False","0","0","0","2"
"1135786672073924608","Tue Jun 04 05:53:39 +0000 2019","Sorry Broadbalk @Rothamsted, I think this is my favourite long term experiment. Only another decade or so until the‚Ä¶ https://t.co/rALNFmUePk","1129353343661481984","","","","False","0","1","0","1"
"1130493511869095936","Mon May 20 15:20:31 +0000 2019","@Wervelvzw ""In three examples from the Broadbalk Experiment, increasing the
annual application of N fertilizer (wit‚Ä¶ https://t.co/gCrzrG1otW","371775669","","","","False","0","1","0","0"
"1192050343854723072","Wed Nov 06 12:05:23 +0000 2019","Broadbalk long-term field experiment awaiting sowing of its 177th crop, delayed because of the recent wet condition‚Ä¶ https://t.co/Xvq6om4Ad1","888499448","","","","False","0","0","9","16"
"489041939065741313","Tue Jul 15 13:40:58 +0000 2014","Paper: 'Can the storage effect hypothesis explain weed co-existence on the Broadbalk long-term fertiliser expt.?' http://t.co/VPyo5BGipo","1397199464","","","","False","0","0","0","0"
"200878031135453184","Fri May 11 09:20:30 +0000 2012","Results from the archive: Broadbalk trial looks at wheat yield following fertiliser application http://t.co/a2kaLQY0","495041536","","","","False","0","0","0","0"
"998489851791073280","Mon May 21 09:05:06 +0000 2018","The story of modern agriculture - this graph is open access and available from @eRA_Curator @rothamsted‚Ä¶ https://t.co/JdEwYFXu4V","888499448","","","","False","2","0","0","5"
"985074117765468160","Sat Apr 14 08:35:46 +0000 2018","@martinbroadley @SpnStefanP @Botanygeek @TeaglingOX @Rothamsted @eRA_Curator I wrote a blog post about the Broadbal‚Ä¶ https://t.co/Kve22k7Yyj","856951508","","","","False","1","1","1","4"
"1087369114048520192","Mon Jan 21 15:19:33 +0000 2019","Good metadata never goes out of fashion. 19th Century #broadbalk sample #metadata (although now digitised and barco‚Ä¶ https://t.co/8h7prOlZgz","799206372701306880","","","","False","1","1","17","55"
"1037358352718647296","Wed Sep 05 15:14:39 +0000 2018",".@BotanyBert @Rothamsted ...the Broadbalk Experiments are an amazing dataset. Inspirational, really, for some work‚Ä¶ https://t.co/he1fGfIbAf","312774997","","","","False","0","0","0","1"
"992314339494264833","Fri May 04 08:05:49 +0000 2018","@Dirt_Science @Rothamsted Hopefully we'll see the data linked to other #Broadbalk soil data in https://t.co/cUikPWtnYD @eRA_Curator","799206372701306880","","","","False","0","0","0","1"
"794154157078876160","Thu Nov 03 12:28:00 +0000 2016","#soil @Rothamsted from 1846 imagine the stories it could tell #amazing #broadbalk https://t.co/5CZUgrU1or","175489193","","","","False","1","2","8","29"
"1190345313791414273","Fri Nov 01 19:10:13 +0000 2019","And this explains how alongside the ‚Äúhistoric‚Äù long-term experiment on Broadbalk, a new Large Scale Rotation Experi‚Ä¶ https://t.co/YFGvGH6NhW","2276009684","","","","False","0","0","0","2"
"985244653451608064","Sat Apr 14 19:53:25 +0000 2018","@bentd76 @driverfarms1 @essexwindyfarm @tomallenstevens @The_Barker_Boys @Twitter @Rothamsted Rothamsted has not us‚Ä¶ https://t.co/osnLLLv66r","352008979","","","","False","0","1","0","0"
"785736699993264128","Tue Oct 11 07:00:02 +0000 2016","""Herbicides do not ensure for higher wheat yield"" seems incredible having seen the no herbicide plot at broadbalk

https://t.co/CSxbLrfPrF","422042612","","","","False","3","4","4","12"
"357106136492683268","Tue Jul 16 11:55:12 +0000 2013","#cropprotection ! RT @Toby_Bruce: Plots without herbicide at broadbalk @Rothamsted, spot the crop! http://t.co/AMYI75mg1P","26141294","","","","False","0","0","0","0"
"1082614531199774720","Tue Jan 08 12:26:32 +0000 2019","@RobCN23 eRADoc https://t.co/ttcFXC8enh has an extensive archive documenting Rothamsted experiments including Broad‚Ä¶ https://t.co/FkinpnBQzG","799206372701306880","","","","False","0","1","0","0"
"506390698007216128","Mon Sep 01 10:38:45 +0000 2014","Penny Hirsch from @BBSRC @Rothamsted on the Broadbalk experiment at #SGMsoil14.  @GenomeAnalysis also gets a mention. @SocGenMicro","36909762","","","","False","0","0","0","1"
"1014129246934126593","Tue Jul 03 12:50:28 +0000 2018","No inputs for 175 years and only 3.3mm precipitation in June the #broadbalk nil plot struggles on while FYM strips‚Ä¶ https://t.co/hNKA4QKvDq","799206372701306880","","","","False","0","0","2","5"
"1149781366378323968","Fri Jul 12 20:43:34 +0000 2019","Pics of Rothamsted Broadbalk 176 years continuous wheat experiment (ploughed). Top left; FYM but never any herbicid‚Ä¶ https://t.co/b86ziCK1RT","934877549695553537","","","","False","0","1","9","30"
"927546342595072000","Mon Nov 06 14:40:55 +0000 2017","Broadbalk wheat experiment's 175th crop - drilled 8th October with wheat variety Crusoe @Rothamsted https://t.co/bWV96vR8qK","888499448","","","","False","1","0","2","4"
"959023780847935488","Thu Feb 01 11:21:01 +0000 2018","Broadbalk Experiment Plans, 1971 - 2000: hand drawings  on eRAdoc https://t.co/ObTlMXpnUE https://t.co/wQUhWbeLYE","933295900927102976","","","","False","0","0","0","0"
"1110672842755133440","Tue Mar 26 22:40:15 +0000 2019","I've been thinking of new ways to present long-term experiment data. This is an animated heat map for 50 years of‚Ä¶ https://t.co/QuqgtSXGrH","799206372701306880","","","","False","1","3","10","26"
"1010194673523200002","Fri Jun 22 16:15:53 +0000 2018","@Rothamsted Broadbalk experiment. Beasn in the rotation trial for the 1st time since the 1960's. Truely massive cro‚Ä¶ https://t.co/vMpSywIHcR","119685720","","","","False","0","1","0","0"
"1010190925392437249","Fri Jun 22 16:00:59 +0000 2018","@wormscience Yep, loads of fantastic hands on science in the #soilzone and in real labs too from #broadbalk yield c‚Ä¶ https://t.co/nL39Fcgmep","799206372701306880","","","","False","0","0","1","1"
"1043534183656841217","Sat Sep 22 16:15:11 +0000 2018","@wormscience Gold diggers? Super pics and nice autumnal colours.175 years dodging the plough on Broadbalk, well done them!","934877549695553537","","","","False","0","0","0","1"
"913327731013713920","Thu Sep 28 09:01:14 +0000 2017","@blacker_david @roseheather1 It‚Äôs not a pic from my ruined zerotill experiment, just showing soil colour from 174 y‚Ä¶ https://t.co/3wDzuZr4zS","4727331819","","","","False","0","0","0","6"
"619251691532251136","Thu Jul 09 21:08:03 +0000 2015","Walking @Rothamsted farm with the legendary Gary Zimmer and colleagues #Broadbalk #SoilFertility, M.thanks 2 Jon West http://t.co/sxQ5bhg767","26141294","","","","False","0","0","1","2"
"1004299915797975040","Wed Jun 06 09:52:13 +0000 2018","In case you missed it last month, important paper published in Nature Science Data on Rothamsted electronic Researc‚Ä¶ https://t.co/Z2xfZOTuWM","358178512","","","","False","0","0","0","4"
"92937676231151616","Mon Jul 18 12:44:03 +0000 2011","Quick visit to the @Rothamsted Broadbalk experiment last week- wheat grown here since 1843! http://flic.kr/p/a3ZjTk","240009002","","","","False","0","0","0","0"
"559328775687913472","Sun Jan 25 12:35:46 +0000 2015","MT @Pathh1  Ian @BSBIbotany shows changes since 1843 in  Rothamsted""s Broadbalk long-term field expt http://t.co/LF2BzU3yrU #brumBio142","233944247","","","","False","0","0","0","2"
"807157589045870593","Fri Dec 09 09:39:00 +0000 2016","Great news for the Broadbalk experiment! 
Longest running scientific experiment https://t.co/WID2UYYRnK via @GWR","146472948","","","","False","0","0","1","1"
"1148360440721879040","Mon Jul 08 22:37:19 +0000 2019","Passed the famous Broadbalk Experiment ‚Å¶@Rothamsted‚Å© today. Field experimentation a cornerstone for agriculture! https://t.co/oVwRS9a87U","3662532017","","","","False","0","0","0","12"
"1146798914890280961","Thu Jul 04 15:12:22 +0000 2019","The Broadbalk experiment took place in 1882.

An area of arable farmland was deliberately abandoned and simply obse‚Ä¶ https://t.co/aOwGQA40nX","2762875911","","","","False","0","4","18","61"
"486891639370424321","Wed Jul 09 15:16:27 +0000 2014","Broadbalk long term experiment with the RRA @Rothamsted http://t.co/pMvcJo4iF9","61786726","","","","False","0","0","0","0"
"1089855423551885314","Mon Jan 28 11:59:16 +0000 2019","Broadbalk wheat grain is measured for standard grain quality characteristics - including Hagberg Falling number, TG‚Ä¶ https://t.co/KGkzeGslBp","888499448","","","","False","0","0","3","4"
"977470146070577152","Sat Mar 24 09:00:17 +0000 2018","@angusgowthorpe @Wainwright7830 @RichardHarper17 @coastal16 @SteveClark1980 @blacker_david You have a sharp eye! Ca‚Ä¶ https://t.co/yzWQhQL0Sv","4727331819","","","","False","0","0","0","0"
"969570464938029057","Fri Mar 02 13:49:47 +0000 2018","And from the old to the new @Rothamsted, original #Broadbalk results from 1844 to @wormscience lab book 2018 https://t.co/ZbJdQCOIIb","3341301681","","","","False","0","1","0","2"
"879363489554472961","Mon Jun 26 15:39:28 +0000 2017","Wheat yields in the world's oldest field experiment, Broadbalk have further increased in recent years. Sustainable!‚Ä¶ https://t.co/FL45UrGJYy","1043602884","","","","False","4","1","41","42"
"1087378438820904960","Mon Jan 21 15:56:36 +0000 2019","Ye olde map showing the manor and grounds of @Rothamsted in1623 - and how little the fields layout has changed in n‚Ä¶ https://t.co/pQjSKqyKUM","888499448","","","","False","1","0","5","11"
"1147193417652494336","Fri Jul 05 17:19:59 +0000 2019","Scottish Yen Group @adasYEN last week met Dr Ian Shield who manages the @rothamsted Broadbalk &amp; other rotation expe‚Ä¶ https://t.co/s7GtYTSNza","1121364639621767168","","","","False","0","0","0","1"
"886960973067759617","Mon Jul 17 14:49:09 +0000 2017","Broadbalk Wilderness; one area grazed/mown, one area stubbed and one area setaside since 1881‚Ä¶ https://t.co/Mex15cfZiL","888499448","","","","False","1","0","0","0"
"934551070872948738","Sat Nov 25 22:35:13 +0000 2017","@HertsArchives Our Broadbalk experiment has been running even longer. See: Longest running scientific experiment‚Ä¶ https://t.co/GYBg1Mwhss","16296530","","","","False","0","0","0","0"
"874192078372306945","Mon Jun 12 09:10:07 +0000 2017","What's the collective noun for weed scientists? 9 of us out on broadbalk @Rothamsted today! #weedscience #fieldwork https://t.co/e8BlW7Ym8E","70681308","","","","False","0","1","0","3"
"695717145259483146","Fri Feb 05 21:14:27 +0000 2016","@OatNewsletter Visiting the Broadbalk Experiment was one of the highlights of my research trip to England last year!","543827788","","","","False","0","0","0","1"
"694960280305012737","Wed Feb 03 19:06:57 +0000 2016","Interesting visit to @Rothamsted. From the historical Broadbalk trials to fancy Phenotyping Tech!@FarmcareTrading https://t.co/eMaGapIOam","54551719","","","","False","0","0","3","1"
"1137701900470685696","Sun Jun 09 12:44:05 +0000 2019","This is the Broadbalk Experiment - ‚Äúthe most famous field in the world‚Äù. The experiment has been running since the‚Ä¶ https://t.co/LxD4zA6Pnk","206372089","","","","False","0","1","4","16"
"696793955665637376","Mon Feb 08 20:33:19 +0000 2016","@thenighttrain @UrsulaV @atlasobscura The Rothamsted Broadbalk experiment has been running since 1843, so I doubt Michigan is the oldest.","1598386543","","","","False","0","0","0","1"
"985432931626835970","Sun Apr 15 08:21:34 +0000 2018","@bentd76 @tomallenstevens @driverfarms1 @essexwindyfarm @The_Barker_Boys @Twitter @Rothamsted I think the broadbalk‚Ä¶ https://t.co/cAngSLhYZL","352008979","","","","False","0","1","0","0"
"537649869570465792","Wed Nov 26 16:51:32 +0000 2014","Keith Goulding: data eg long term changes in soil organic matter available from broadbalk #LAWES200","422042612","","","","False","0","0","0","0"
"905431294670188544","Wed Sep 06 14:03:37 +0000 2017","Thanks to Prof. Steve McGrath for the tour of the Broadbalk and Park Grass Exp 174 year and counting https://t.co/WThYBkK0bg","46756598","","","","False","0","1","0","0"
"1185246936007430145","Fri Oct 18 17:31:05 +0000 2019","Cientistas do instituto brit√¢nico Rothamsted Research iniciaram uma pesquisa h√° 176 anos que est√° em curso at√© hoje‚Ä¶ https://t.co/AExqauYe4s","17618540","","","","False","0","0","0","10"
"1146811009291694081","Thu Jul 04 16:00:25 +0000 2019","@Sir_Creaky Just to note, these pictures are not the Broadbalk Wilderness. The wilderness is a 0.2ha area on the ed‚Ä¶ https://t.co/u4Ci8OAmMY","799206372701306880","","","","False","0","1","0","1"
"1004343292979568641","Wed Jun 06 12:44:35 +0000 2018","@HenmanAnthony @Rothamsted Afraid we don't have any growing at the moment. Got some black-grass growing on the long‚Ä¶ https://t.co/OcgbSIQHrl","1470511405","","","","False","0","0","0","0"
"874986086753341441","Wed Jun 14 13:45:14 +0000 2017","Spot the wheat on Broadbalk herbicide free plots @Rothamsted https://t.co/0Gcr4jScv6 https://t.co/3ABRqi5owI","888499448","","","","False","0","0","1","0"
"890221350958362624","Wed Jul 26 14:44:44 +0000 2017","@Undercoverhist Agriculture is responsible for the statistical foundations of econometrics: Fisher's studies in cro‚Ä¶ https://t.co/1igoALMVMy","324708386","","","","False","0","0","0","1"
"856805844670971905","Tue Apr 25 09:43:26 +0000 2017","174 years of different management on Broadbalk. Fascinating soils, we can't wait to get to the lab! https://t.co/vpOkOZB1WD","4727331819","","","","False","0","1","4","7"
"1192411374736949249","Thu Nov 07 12:00:00 +0000 2019","The Broadbalk experiment compares farmyard manure with fertilizers supplying N, P, K, Na and Mg for their effects o‚Ä¶ https://t.co/WNd4lX91Ta","726665596583206913","","","","False","0","0","1","1"
"851924379252469761","Tue Apr 11 22:26:14 +0000 2017","Octocopter flight ‚Äì¬†Broadbalk https://t.co/aZQOtTi1JZ https://t.co/kteIIvfS35","833232586432462848","","","","False","0","0","0","0"
"1100427123653857281","Tue Feb 26 16:07:25 +0000 2019","Broadbalk: A ci√™ncia por tr√°s do experimento agr√≠cola mais longo da hist√≥ria https://t.co/tnCHrzjsHJ","22409300","","","","False","1","0","0","1"
"865242525501730816","Thu May 18 16:27:48 +0000 2017","Corn cleavers, one of the rarest plants in UK, grows on Broadbalk herbicide-free plots https://t.co/0Gcr4jScv6‚Ä¶ https://t.co/2fKFh7qFDU","888499448","","","","False","0","0","1","0"
"448415782964576256","Tue Mar 25 11:07:08 +0000 2014","@gmeducationorg @Rothamsted @hanslope it's good for biodiversity though - we have some v rare plants on broadbalk","422042612","","","","False","0","0","0","0"
"486581874727600128","Tue Jul 08 18:45:33 +0000 2014","Creative wartime seed storage to keep the unique #Broadbalk Experiment samples safe @Rothamsted. http://t.co/tBrWBpRxbC","2499219127","","","","False","0","0","1","1"
"1065211686951575552","Wed Nov 21 11:53:51 +0000 2018","@HannahRitchie02 This looks a great resource. FYI, we have Open Access data for annual wheat and barley yields‚Ä¶ https://t.co/El8Ssf06YK","888499448","","","","False","0","1","0","1"
"431028270386003970","Wed Feb 05 11:35:22 +0000 2014","Broadbalk weeds species survey data now available on e-RA http://t.co/32rXy1lsvD","888499448","","","","False","0","0","0","0"
"580547243880628226","Wed Mar 25 01:50:23 +0000 2015","Broadbalk http://t.co/CGCulu48HE","851220133","","","","False","0","0","0","0"
"1012657122151141381","Fri Jun 29 11:20:46 +0000 2018","That's the weed survey on #broadbalk done for another year! #longtermexperiment @Rothamsted https://t.co/CUwGyu54Yr","70681308","","","","False","1","1","1","7"
"1042365429887512583","Wed Sep 19 10:50:59 +0000 2018","The beast of Broadbalk! I think this is the largest Lumbricus terrestris I‚Äôve ever found #wormscience https://t.co/7IdsJ2TgTQ","4727331819","","","","False","5","12","30","131"
"956234949937520640","Wed Jan 24 18:39:12 +0000 2018","Our third #imageoftheday on Instagram. Rothamsted's Broadbalk field is the longest running‚Ä¶ https://t.co/OFKeIMEMvN","87922339","","","","False","1","0","5","7"
"1040303976158294022","Thu Sep 13 18:19:30 +0000 2018","One of the best parts of #LucaOnTour was getting to see an experiment that‚Äôs been run continuously for 175 years‚Ä¶ https://t.co/nVP3Wxicwc","855149368827146241","","","","False","0","2","1","4"
"1079443670405967872","Sun Dec 30 18:26:40 +0000 2018","@YolodyKim @teralytic Well considering we've had mineral P fert for approx 150 yrs and mineral N for around 100 the‚Ä¶ https://t.co/Eu2PJ9XxxG","944818692","","","","False","0","1","0","0"
"902909032591233025","Wed Aug 30 15:01:03 +0000 2017","Broadbalk wheat experiment has been harvested: before and after... https://t.co/InsopvcHht","888499448","","","","False","0","1","3","2"
"301999501131001856","Thu Feb 14 10:21:06 +0000 2013","Open access: Key Broadbalk mean yield data is now available from e-RA. Please acknowledge Rothamsted Research http://t.co/LajsLjXx","888499448","","","","False","0","0","2","0"
"1010634762179014657","Sat Jun 23 21:24:38 +0000 2018","@MartinHarwood11 @Rothamsted @RothamstedFarms That machine is the coolest thing I've seen in ages :D I mean, I'm al‚Ä¶ https://t.co/jyA8rEJ1zs","14962681","","","","False","0","0","0","0"
"985578769405575169","Sun Apr 15 18:01:04 +0000 2018","@bentd76 @tomallenstevens @driverfarms1 @essexwindyfarm @The_Barker_Boys @Twitter @Rothamsted Ok, so I have not had‚Ä¶ https://t.co/01XA6GzjN4","352008979","","","","False","0","1","0","0"
"825007129908031488","Fri Jan 27 15:46:42 +0000 2017","@angusgowthorpe @Dirt_Science @Rothamsted  possible yield decline since 80s in unfertilized continuous wheat? https://t.co/7bmVE3woqy","2711545020","","","","False","0","2","0","0"
"629195305762824192","Thu Aug 06 07:40:25 +0000 2015","What's special about a field? It's Broadbalk Field #Herts #farming #heritage. See http://t.co/53WZVbeebw ¬© M. Trolove http://t.co/LqQGtUNAq8","251137848","","","","False","0","0","2","0"
"1090890570703257602","Thu Jan 31 08:32:34 +0000 2019","A chilly start here at #Rothamsted with -7 degrees and fog rolling across #broadbalk #harpendenweather #harpenden‚Ä¶ https://t.co/2DzGrXnuqn","1094771408","","","","False","0","0","2","8"
"984728798334803968","Fri Apr 13 09:43:35 +0000 2018","Broadbalk Wheat Experiment on maailman pisin, yht√§jaksoinen maatalouden koekentt√§. Se perustettiin Rothamsted Resea‚Ä¶ https://t.co/igOW4THyd9","1965374268","","","","False","0","0","0","8"
"1037385338854014976","Wed Sep 05 17:01:53 +0000 2018","@heritage_wheat @Rothamsted interesting, I guess it depends on how efficiency is defined.
In the Broadbalk example,‚Ä¶ https://t.co/OgDRfEA6Ur","708346432395157504","","","","False","0","0","0","0"
"220867500009734144","Thu Jul 05 13:11:30 +0000 2012","Fascinating insight into ‚Äòforensic pathology‚Äô, first visit to the Broadbalk classical experiments at @Rothamsted","316327666","","","","False","0","0","0","0"
"592769492607959040","Mon Apr 27 19:17:14 +0000 2015","@DoctorChrisVT The Broadbalk Wheat Experiment may be a good source of data. Has wheat sample accessions dating back 100yrs +","189658688","","","","False","0","0","0","0"
"962448685689987072","Sat Feb 10 22:10:22 +0000 2018","@Rothamsted has the oldest continuous field trials in the world, The Broadbalk Experiment, and samples from each ex‚Ä¶ https://t.co/iTeftrliy1","18490105","","","{'id': '0952aa89b956c000', 'url': 'https://api.twitter.com/1.1/geo/id/0952aa89b956c000.json', 'place_type': 'poi', 'name': 'Rothamsted Research', 'full_name': 'Rothamsted Research', 'country_code': '', 'country': '', 'bounding_box': {'type': 'Polygon', 'coordinates': [[[-0.35508, 51.807098], [-0.35508, 51.807098], [-0.35508, 51.807098], [-0.35508, 51.807098]]]}, 'attributes': {}}","False","0","0","0","0"
"827523009716051968","Fri Feb 03 14:23:54 +0000 2017","Broadbalk..... may not look much from a trailer, but is the longest running agronomic field experiment in the world! https://t.co/R8LG5Tqy2y","20150193","","","","False","0","0","0","0"
"949305146017812480","Fri Jan 05 15:42:38 +0000 2018","#BackToTheFuture Farming and food rely on long-term experiments #Broadbalk to 1843. International conference in May‚Ä¶ https://t.co/imPsAbCBqv","87922339","","","","False","0","0","6","2"
"856785114356998149","Tue Apr 25 08:21:04 +0000 2017","Longest running science experiment in world - and we're sampling it!  #broadbalk #sky #soilscienceisawesome https://t.co/nEnEir8ZgN","4727331819","","","","False","0","0","6","25"
"438665643966353409","Wed Feb 26 13:23:34 +0000 2014","The importance of science in agriculture: see @Rothamsted Broadbalk wheat experiment @uksciencechief tells #NFU14 #BrumBio142 #brumbio389","233944247","","","","False","0","0","0","0"
"289348633193771009","Thu Jan 10 12:31:04 +0000 2013","The RT Hon George Osborne MP referred to Rothamsted‚Äôs Broadbalk Experiment @Rothamsted in a speech to the Royal Society http://t.co/qiEenOZk","888499448","","","","False","0","0","1","0"
"83170498007146496","Tue Jun 21 13:52:46 +0000 2011","EISA (http://bit.ly/lGAfwn) visit today at Rothamsted Research - currently looking at the Broadbalk Experiment http://yfrog.com/ke890vj","246299211","","","","False","0","0","0","0"
"936256071374639104","Thu Nov 30 15:30:16 +0000 2017","@TamarHaspel It‚Äôs a long and complex story. 

But most evidence *for* a fall is shaky. Eg. Comparing historical tab‚Ä¶ https://t.co/HXeEyxxUTS","189658688","","","","False","0","4","0","4"
"861999298770333696","Tue May 09 17:40:22 +0000 2017","@RothamstedCRE @achimdobermann @Rothamsted This Broadbalk open data is available from the e-RA database‚Ä¶ https://t.co/h6gkRBz7np","888499448","","","","False","0","0","0","0"
"977269337076699136","Fri Mar 23 19:42:21 +0000 2018","@Wainwright7830 @RichardHarper17 @coastal16 @SteveClark1980 @blacker_david Ha, getting muck in there helps - Broadb‚Ä¶ https://t.co/7aNbKMOP6S","4727331819","","","","False","0","1","0","3"
"1144562078990184448","Fri Jun 28 11:03:59 +0000 2019","The weeds group @Rothamsted carrying the annual assessments on section 8 of Broadbalk LTE https://t.co/iidLY0625i","791713295967412224","","","","False","0","0","4","12"
"335434892022251521","Fri May 17 16:41:24 +0000 2013","@tteague yes, also plots w/ less fertiliser on broadbalk @Rothamsted: fewer competitive weeds like BG (get dock instead!) but lower yield","422042612","","","","False","0","1","0","0"
"794541976771317760","Fri Nov 04 14:09:03 +0000 2016","Rothamstead is famous for the Broadbalk experiment. Longest running agri experiment with samples back to 1841 https://t.co/q4ioDuC4Kz","218842958","","","","False","0","1","1","1"
"15027796149","Sun May 30 07:40:49 +0000 2010","'Bluebells In Broadbalk Woods - May 2010' http://hpstm.tc/fsb #hipstamatic","110799676","","","","False","0","0","0","0"
"1082936737935048709","Wed Jan 09 09:46:52 +0000 2019","My RED January run was made so much better by this beautiful view of Broadbalk @Rothamsted #loveworkinghere‚Ä¶ https://t.co/Hbg2c9WlzI","1467246342","","","{'id': '4a487d4c97c15987', 'url': 'https://api.twitter.com/1.1/geo/id/4a487d4c97c15987.json', 'place_type': 'city', 'name': 'Harpenden', 'full_name': 'Harpenden, East', 'country_code': 'GB', 'country': 'United Kingdom', 'bounding_box': {'type': 'Polygon', 'coordinates': [[[-0.408945, 51.79144], [-0.408945, 51.833672], [-0.319851, 51.833672], [-0.319851, 51.79144]]]}, 'attributes': {}}","False","0","0","0","10"
